时间,发帖人,会员参与人数,非会员人数,骑行地点,备注
'6月11日15点00分','决策49',9,3,'白良村部','踏浪、笨牛、芋头'
'6月9日5点50分','张瑶',10,6,'水关桥','晴朗、小莲🚶🏃、亲戚、元芳、天随、一天'
'6月11日15点00分','决策49',9,3,'白良村部','踏浪、笨牛、芋头'
'6月9日5点50分','张瑶',10,6,'水关桥','晴朗、小莲🚶🏃、亲戚、元芳、天随、一天'
'6月9日5点50分','张瑶',10,7,'水关桥','晴朗、小莲🚶🏃、亲戚、元芳、一天'
'6月11日15点00分','决策49',9,3,'白良村部','踏浪、笨牛、芋头'
'6月11日15点00分','决策49',9,3,'白良村部','踏浪、笨牛、芋头'
'6月11日15点00分','决策49',9,3,'白良村部','踏浪、笨牛、芋头'
'6月11日15点00分','决策49',9,3,'白良村部','踏浪、笨牛、芋头'
'6月11日15点00分','决策49',9,3,'白良村部','踏浪、笨牛、芋头'
'6月11日15点00分','决策49',9,3,'白良村部','踏浪、笨牛、芋头'
'6月11日15点00分','决策49',9,3,'白良村部','踏浪、笨牛、芋头'
'6月11日15点00分','决策49',9,3,'白良村部','踏浪、笨牛、芋头'
'6月11日15点00分','决策49',9,3,'白良村部','踏浪、笨牛、芋头'
'6月11日15点00分','决策49',9,3,'白良村部','踏浪、笨牛、芋头'
'6月11日15点00分','49决策',9,3,'白良村部','踏浪、笨牛、芋头'
'6月11日15点00分','决策49',9,3,'白良村部','踏浪、笨牛、芋头'
'6月11日15点00分','决策49',9,3,'白良村部','踏浪、笨牛、芋头'
'6月11日15点00分','决策49',9,3,'白良村部','踏浪、笨牛、芋头'
